supplier_id,product_id,company_name,contact_name,supplier_address,supplier_phone_number,supplier_email,website
01HRHEP0K77A9ZARA852SKJNEV,pid15345,Apple,Lola Breeton,90505 Washington Park,940-809-2281,lbreeton0@opera.com,www.Apple.com
01HRHEP0KA4J1YVCCW5MSBXY0V,pid56082,Samsung,Tallia Ethersey,4997 Scoville Plaza,351-837-5364,tethersey1@slashdot.org,www.Samsung.com
01HRHEP0KCHJF83EG3JM8TZJK7,pid97581,Dell,Kacie Maggiore,1704 Mesta Crossing,414-708-0330,kmaggiore2@163.com,www.Dell.com
01HRHEP0KF2YVCG42DBZHRP77V,pid65005,Gildan,Agata Leitch,90 Rigney Trail,976-745-4905,aleitch3@mtv.com,www.Gildan.com
01HRHEP0KH3E284F2J36NMY8S8,pid55044,H&M,Lianne Snadden,91944 Jenifer Junction,688-442-4011,lsnadden4@wisc.edu,www.H&M.com
01HRHEP0KJ8N3HPVJFDXSV85M9,pid82265,Sony,Stesha Janman,99442 Sunbrook Plaza,529-323-2123,sjanman5@bandcamp.com,www.Sony.com
01HRHEP0KKVTNE5HD56P8YTHCP,pid38287,Leather Italia USA,Nan Maryott,691 Schurz Lane,104-960-5214,nmaryott6@apple.com,www.Leather_Italia_USA.com
01HRHEP0KN6HEAWPD5RF6HSNY0,pid30100,KitchenAid,Jannelle Gamlin,252 Browning Road,935-618-4455,jgamlin7@cafepress.com,www.KitchenAid.com
01HRHEP0KQ8D8NDBVB57AS9H0E,pid01492,Apple,Lewie Atkyns,0704 Starling Street,464-137-0713,latkyns8@fc2.com,www.Apple.com
01HRHEP0KRJ7WDCK4Z5QNN3P49,pid97863,Nike,Lyndsey O'Hickey,788 Scofield Alley,773-969-6968,lohickey9@shinystat.com,www.Nike.com
01HRHEP0KTMJMYWDQ9GRW87TFR,pid78374,HP,Valle Gyford,86512 Elgar Center,201-664-7999,vgyforda@thetimes.co.uk,www.HP.com
01HRHEP0KVKGWNCVARHKDZ2GP0,pid16700,Calvin Klein,Bertram Polk,902 Kensington Circle,952-339-5351,bpolkb@prnewswire.com,www.Calvin_Klein.com
01HRHEP0KX2Q780VV6H61ZGT50,pid01119,Xiaomi,Tamqrah Daniellot,172 Magdeline Drive,561-843-4500,tdaniellotc@huffingtonpost.com,www.Xiaomi.com
01HRHEP0KY47JZS84AA4FNF2VE,pid18506,Ashley Furniture,Rodina Alentyev,9830 Grim Center,962-929-5925,ralentyevd@google.com.au,www.Ashley_Furniture.com
01HRHEP0KZJAK0NWNF5TD81R5Z,pid75597,Zara,Selene Jovis,3825 Blackbird Park,718-148-1621,sjovise@army.mil,www.Zara.com
01HRHEP0M1V7D9GMN08NG6XV4W,pid89300,LG,Sylvester Piscot,6180 Mcguire Parkway,229-394-9521,spiscotf@cpanel.net,www.LG.com
01HRHEP0M4669FWQV9DQN49XS4,pid46855,Tempur-Pedic,Lambert Brogden,1 Stone Corner Terrace,758-503-4324,lbrogdeng@fotki.com,www.Tempur-Pedic.com
01HRHEP0M5BSTJMA9NEVKHBSAW,pid66210,KitchenAid,Yuma Darwen,90 Stuart Crossing,450-724-8905,ydarwenh@facebook.com,www.KitchenAid.com
01HRHEP0M75NHEV58VQDPVEMSF,pid88316,Apple,Massimiliano Barneveld,9005 American Avenue,466-269-9915,mbarneveldi@sbwire.com,www.Apple.com
01HRHEP0M9Y4W82D9DSNVZK2M1,pid44307,Samsung,Jocelyn Wyon,3 Bluestem Terrace,480-797-1483,jwyonj@icio.us,www.Samsung.com
01HRHEP0MB07V23MGP7VWRQCSA,pid23125,Lenovo,Sigismond Battaille,287 Cordelia Place,394-285-8063,sbattaillek@nsw.gov.au,www.Lenovo.com
01HRHEP0MDKT2XY21EMNG84X49,pid81136,Adidas,Crissie Ferraraccio,829 Warrior Alley,419-204-8672,cferraracciol@hp.com,www.Adidas.com
01HRHEP0MFST85BYDXESDR7KM5,pid34593,Zara,Verena McNutt,3131 Hoepker Street,529-876-5567,vmcnuttm@weather.com,www.Zara.com
01HRHEP0MHARWDGT0J8D76Q1WG,pid08484,Panasonic,Arvy Benthall,60 Glacier Hill Road,493-919-3386,abenthalln@wikia.com,www.Panasonic.com
01HRHEP0MKRMACPNTP891BAM53,pid28340,Ashley Furniture,Gabie Spileman,955 Forest Lane,382-331-1453,gspilemano@4shared.com,www.Ashley_Furniture.com
01HRHEP0MNZYEWXD03N403XQ88,pid33527,KitchenAid,Merv Eisikovitsh,3029 Melvin Alley,911-465-7343,meisikovitshp@nyu.edu,www.KitchenAid.com
01HRHEP0MQA2FA3CR0XW9PNTWT,pid25982,Apple,Alexei Egell,6 Ludington Crossing,594-186-2536,aegellq@theglobeandmail.com,www.Apple.com
01HRHEP0MSWM472EAFT6AEWZGP,pid18174,Samsung,Brynne Seely,4511 Ridgeway Point,804-718-0319,bseelyr@bandcamp.com,www.Samsung.com
01HRHEP0MVGEWAKY9NPCWH94C1,pid66132,Dell,Tommie Collopy,48557 Ruskin Point,860-248-7717,tcollopys@comcast.net,www.Dell.com
01HRHEP0MX1B7QG08KAB9EPAZ0,pid38248,Nike,Willis Charpin,75545 Starling Point,932-190-7253,wcharpint@weebly.com,www.Nike.com
01HRHEP0MZRNNTG8VCBBK7SCT0,pid10573,H&M,Dedie Stuehmeyer,73956 Golden Leaf Road,160-446-0199,dstuehmeyeru@columbia.edu,www.H&M.com
01HRHEP0N1MH5RB4N4JZ8WQJ3M,pid45560,LG,Roanne Spellsworth,769 Stang Junction,879-448-2638,rspellsworthv@booking.com,www.LG.com
01HRHEP0N3VEJF1J60AT2F56NM,pid65488,Ashley Furniture,Bobette Stockill,5448 Beilfuss Point,517-366-9819,bstockillw@vimeo.com,www.Ashley_Furniture.com
01HRHEP0N4CFVXAKV9THY7EFMN,pid02604,KitchenAid,Stearn Petley,395 Sauthoff Drive,244-406-1086,spetleyx@marketwatch.com,www.KitchenAid.com
01HRHEP0N5ZRMPP920DJJ7JB1G,pid35616,Apple,Gibb Gornall,16 Carberry Park,292-717-4871,ggornally@ucsd.edu,www.Apple.com
01HRHEP0N6JKV8XCCW9HMWMRY1,pid55834,Samsung,Dal Freund,307 Northfield Pass,932-454-6151,dfreundz@gmpg.org,www.Samsung.com
01HRHEP0N8QRN4FZ8TKKB86YJ8,pid55158,HP,Alex Artz,1 Swallow Point,831-695-5996,aartz10@un.org,www.HP.com
01HRHEP0NAYEP9M1GRXQEFRAFD,pid92416,Nike,Vale Wahner,92589 Riverside Way,627-868-7221,vwahner11@nps.gov,www.Nike.com
01HRHEP0NBHWRTRQP69DEJB1BS,pid20114,Zara,Derrik Mitchely,16476 Pleasure Center,915-218-4487,dmitchely12@businesswire.com,www.Zara.com
01HRHEP0NB2CN68T9B4RP53F40,pid07178,Sony,Alica Alastair,116 Bowman Point,307-213-7799,aalastair13@odnoklassniki.ru,www.Sony.com
01HRHEP0NC95K3PCQJCMS0XVAZ,pid07147,DHP,Keir Schulken,6 Stoughton Parkway,321-801-0307,kschulken14@github.io,www.DHP.com
01HRHEP0ND3KHKN8V2V9E8N6X2,pid27690,KitchenAid,Tandy Jest,867 Mccormick Lane,558-222-4432,tjest15@slashdot.org,www.KitchenAid.com
01HRHEP0NEZ35F9ZD2MN3C1XSN,pid87323,Apple,Oliviero Ruston,9 Stang Place,306-103-5834,oruston16@alexa.com,www.Apple.com
01HRHEP0NF45V1AD3VJP2PRW8S,pid17567,Samsung,Pris Eminson,31 Memorial Lane,198-752-1041,peminson17@bluehost.com,www.Samsung.com
01HRHEP0NGY27EQ1M9KM7QEXNB,pid98976,Apple,Ajay Frankel,114 Eggendart Hill,850-390-0973,afrankel18@tuttocitta.it,www.Apple.com
01HRHEP0NH2ZTP8E0DN5YH66TK,pid65473,Calvin Klein,Eben Northridge,7590 Saint Paul Hill,576-447-3492,enorthridge19@ustream.tv,www.Calvin_Klein.com
01HRHEP0NJ6HFPCCDV1R430SHR,pid70547,H&M,Noe Morigan,40090 Moulton Lane,407-695-5702,nmorigan1a@geocities.com,www.H&M.com
01HRHEP0NJ29738PM0FRRJFA28,pid62235,Panasonic,Allan Charrett,375 Dovetail Plaza,484-801-0330,acharrett1b@earthlink.net,www.Panasonic.com
01HRHEP0NKV3VGJN2R5R60GVB6,pid39202,Ashley Furniture,Wilow Feaveer,385 Talmadge Road,170-534-4695,wfeaveer1c@businessinsider.com,www.Ashley_Furniture.com
01HRHEP0NMSKG9ZQZFCWMN3SXK,pid76379,Banana Republic,Ted Alphege,8944 American Alley,816-984-8503,talphege1d@ifeng.com,www.Banana_Republic.com
